ms_uri_1,ms_uri_2
https://minmod.isi.edu/resource/mineral_sitefcc200c30407bc5a2d5312cb14c9cd7fe2965a838ffdbedd87fd70fb497927c1,https://minmod.isi.edu/resource/mineral_sitefcc200c30407bc5a2d5312cb14c9cd7fe2965a838ffdbedd87fd70fb497927c1
https://minmod.isi.edu/resource/mineral_sitea7166cb52ea079784fbff9515bbbbc02a37f6959f6d6b93f6ee42d1b7aea0e73,https://minmod.isi.edu/resource/mineral_sitea7166cb52ea079784fbff9515bbbbc02a37f6959f6d6b93f6ee42d1b7aea0e73
https://minmod.isi.edu/resource/mineral_sited6ccdfa63a6d39eaebb0d9787ea44150db1f06c7e641924eb74a36fe62a5c1c8,https://minmod.isi.edu/resource/mineral_sited6ccdfa63a6d39eaebb0d9787ea44150db1f06c7e641924eb74a36fe62a5c1c8
https://minmod.isi.edu/resource/mineral_site8a5d9fe53f28f73beb1713728d94b1ab6ee38bdd8c46aadf749a2b99912b6615,https://minmod.isi.edu/resource/mineral_site8a5d9fe53f28f73beb1713728d94b1ab6ee38bdd8c46aadf749a2b99912b6615
https://minmod.isi.edu/resource/mineral_sitecdb1bbaca3eeff0619076e6afda6fdbc2470145769f5ce96df9e4cbfa87ebb5e,https://minmod.isi.edu/resource/mineral_site8a5d9fe53f28f73beb1713728d94b1ab6ee38bdd8c46aadf749a2b99912b6615
https://minmod.isi.edu/resource/mineral_site726584f17d3e7d409356649bd9c13e8fb3289a2b63ed784a077d09418dd842d0,https://minmod.isi.edu/resource/mineral_site726584f17d3e7d409356649bd9c13e8fb3289a2b63ed784a077d09418dd842d0
https://minmod.isi.edu/resource/mineral_site49fa6764f6d5ae5d89625cd9fff12c91f5ab128936e5903a1ab235cf1b0fff89,https://minmod.isi.edu/resource/mineral_site726584f17d3e7d409356649bd9c13e8fb3289a2b63ed784a077d09418dd842d0
https://minmod.isi.edu/resource/mineral_site312bce3b6366da3c0d563df2651a393fc1c1796eb67417b981c0709bd23a86a9,https://minmod.isi.edu/resource/mineral_site312bce3b6366da3c0d563df2651a393fc1c1796eb67417b981c0709bd23a86a9
https://minmod.isi.edu/resource/mineral_site45ddcd4c5fe94a224a0991396b8d77f857663853333a7772c7fddbf83fb5fd3c,https://minmod.isi.edu/resource/mineral_site312bce3b6366da3c0d563df2651a393fc1c1796eb67417b981c0709bd23a86a9
https://minmod.isi.edu/resource/mineral_site78f779eded1d72c21afe6178848e813da3fdb83287bd19c9bd84135c39767c7b,https://minmod.isi.edu/resource/mineral_site78f779eded1d72c21afe6178848e813da3fdb83287bd19c9bd84135c39767c7b
https://minmod.isi.edu/resource/mineral_site3462811aa2ec2f3603faacfb639891b3f3fd23553a2917856ebd76cb81cfe768,https://minmod.isi.edu/resource/mineral_site3462811aa2ec2f3603faacfb639891b3f3fd23553a2917856ebd76cb81cfe768
https://minmod.isi.edu/resource/mineral_site70e34c2bf9c25e041b7ff4378a9d6544bf8a21403531e27f51643d74ede57d7c,https://minmod.isi.edu/resource/mineral_site70e34c2bf9c25e041b7ff4378a9d6544bf8a21403531e27f51643d74ede57d7c
https://minmod.isi.edu/resource/mineral_siteca83dba095d72481f115eda16f3c2c12c2f7c1f7ea855ab04a067356bc2e363b,https://minmod.isi.edu/resource/mineral_siteca83dba095d72481f115eda16f3c2c12c2f7c1f7ea855ab04a067356bc2e363b
https://minmod.isi.edu/resource/mineral_site14f66a8c68b7dfddf7b86e4c22041b3fa61a1bb5feb1acff8cb2dcfa63e3199b,https://minmod.isi.edu/resource/mineral_site14f66a8c68b7dfddf7b86e4c22041b3fa61a1bb5feb1acff8cb2dcfa63e3199b
https://minmod.isi.edu/resource/mineral_site97ff4aa0bc3e971dc2fc734acdc992f9e264b4e611e1e13260567b9b98b549bc,https://minmod.isi.edu/resource/mineral_site97ff4aa0bc3e971dc2fc734acdc992f9e264b4e611e1e13260567b9b98b549bc
https://minmod.isi.edu/resource/mineral_site7ab07b76515203577bdf442ab497ef6ad578013a94fe1cfdaecdb2bda9ed924a,https://minmod.isi.edu/resource/mineral_site7ab07b76515203577bdf442ab497ef6ad578013a94fe1cfdaecdb2bda9ed924a
https://minmod.isi.edu/resource/mineral_siteec600c56bdd0ce61fa773d2320c021a4d43dd11fd6ae014ec2f4afe5d86e3fb6,https://minmod.isi.edu/resource/mineral_siteec600c56bdd0ce61fa773d2320c021a4d43dd11fd6ae014ec2f4afe5d86e3fb6
https://minmod.isi.edu/resource/mineral_siteadd4b37248f67866e13bf35fdbcef2143cef10a5fdb18327f1135a83d1cffda9,https://minmod.isi.edu/resource/mineral_siteadd4b37248f67866e13bf35fdbcef2143cef10a5fdb18327f1135a83d1cffda9
https://minmod.isi.edu/resource/mineral_site1c27b1020d12c760b3da87c4035684f35476f61860e6943741769893b153fa9a,https://minmod.isi.edu/resource/mineral_site1c27b1020d12c760b3da87c4035684f35476f61860e6943741769893b153fa9a
https://minmod.isi.edu/resource/mineral_sitef65974ce8c3513c16ad25af66699bbd1773a24a4debe83861a1402a1915a6935,https://minmod.isi.edu/resource/mineral_sitef65974ce8c3513c16ad25af66699bbd1773a24a4debe83861a1402a1915a6935
https://minmod.isi.edu/resource/mineral_sited5c150223f3015705d90b143926710ec568cdd95c634d0f03f7347b1506fa67c,https://minmod.isi.edu/resource/mineral_sited5c150223f3015705d90b143926710ec568cdd95c634d0f03f7347b1506fa67c
https://minmod.isi.edu/resource/mineral_site7d6a6c35193c90b28d64744e252ee5b1a06c19cbf6062aa8e73e6eebd80d3c12,https://minmod.isi.edu/resource/mineral_site7d6a6c35193c90b28d64744e252ee5b1a06c19cbf6062aa8e73e6eebd80d3c12
https://minmod.isi.edu/resource/mineral_sitedad820a3694bd7584292cdda54a4eb062b00a2dcc7b175c214cae06f2b6f3318,https://minmod.isi.edu/resource/mineral_sitedad820a3694bd7584292cdda54a4eb062b00a2dcc7b175c214cae06f2b6f3318
https://minmod.isi.edu/resource/mineral_siteda76e5fb4367520e0f684a5606f418715ba717cb25882bca0e0520c1c9b462d2,https://minmod.isi.edu/resource/mineral_siteda76e5fb4367520e0f684a5606f418715ba717cb25882bca0e0520c1c9b462d2
https://minmod.isi.edu/resource/mineral_site35bf3cb342a7627b35b73699654482f91a6a73f3e5330f2fc53985a8282f8961,https://minmod.isi.edu/resource/mineral_site35bf3cb342a7627b35b73699654482f91a6a73f3e5330f2fc53985a8282f8961
https://minmod.isi.edu/resource/mineral_sitedee4e7cf70435d228296020fdb241bde74a4ae90c8ce78dd95547beee57dfe42,https://minmod.isi.edu/resource/mineral_site35bf3cb342a7627b35b73699654482f91a6a73f3e5330f2fc53985a8282f8961
https://minmod.isi.edu/resource/mineral_site924201f30fd8af5b679b3585e8e56588691f9d2fc22a751eccbe5f4321607294,https://minmod.isi.edu/resource/mineral_site924201f30fd8af5b679b3585e8e56588691f9d2fc22a751eccbe5f4321607294
https://minmod.isi.edu/resource/mineral_site8bdfb4d4a9fecc14b1faab64b32fb135eff94689a6c7b7f0de78cbd475b83960,https://minmod.isi.edu/resource/mineral_site8bdfb4d4a9fecc14b1faab64b32fb135eff94689a6c7b7f0de78cbd475b83960
https://minmod.isi.edu/resource/mineral_site771136c7dd950d097fcb6386b18a4b86f66cf6b48171f9892790c463eb8b9bc4,https://minmod.isi.edu/resource/mineral_site771136c7dd950d097fcb6386b18a4b86f66cf6b48171f9892790c463eb8b9bc4
https://minmod.isi.edu/resource/mineral_site7738d171c702c267ebcc6beb7de7d3c498f04ee7b3594fdf2539d11446965eb7,https://minmod.isi.edu/resource/mineral_site7738d171c702c267ebcc6beb7de7d3c498f04ee7b3594fdf2539d11446965eb7
https://minmod.isi.edu/resource/mineral_site2891db7c44d6ccd26beefc4e10310fbb71494ab583596fb478de6a1f186d42bd,https://minmod.isi.edu/resource/mineral_site2891db7c44d6ccd26beefc4e10310fbb71494ab583596fb478de6a1f186d42bd
https://minmod.isi.edu/resource/mineral_site3bdf647fec94b21ad889646a57fe90efec62e4cd6f782852928061ddc6ef87a2,https://minmod.isi.edu/resource/mineral_site3bdf647fec94b21ad889646a57fe90efec62e4cd6f782852928061ddc6ef87a2
https://minmod.isi.edu/resource/mineral_sited43c276ea069b2d37f9fb51290dd01ecee84a1951b56146eea21209c5f596d2a,https://minmod.isi.edu/resource/mineral_sited43c276ea069b2d37f9fb51290dd01ecee84a1951b56146eea21209c5f596d2a
https://minmod.isi.edu/resource/mineral_site5d890a429d3d75cacf23ed2990b04d51244ab45765b39f9affa154daa6d2e615,https://minmod.isi.edu/resource/mineral_site5d890a429d3d75cacf23ed2990b04d51244ab45765b39f9affa154daa6d2e615
https://minmod.isi.edu/resource/mineral_site0af012457470f3d7f58a539fd5b37ce04f61139cad06a06a83e09ce367bcaa56,https://minmod.isi.edu/resource/mineral_site0af012457470f3d7f58a539fd5b37ce04f61139cad06a06a83e09ce367bcaa56
https://minmod.isi.edu/resource/mineral_site9dc265795743e17003726e04224f83717f258ced45bafad54536a5f323c7f6a0,https://minmod.isi.edu/resource/mineral_site0af012457470f3d7f58a539fd5b37ce04f61139cad06a06a83e09ce367bcaa56
https://minmod.isi.edu/resource/mineral_siteaac9d23b71198275ed552b813e661de29e10050cf2358c759b4874d0e28a9fb0,https://minmod.isi.edu/resource/mineral_siteaac9d23b71198275ed552b813e661de29e10050cf2358c759b4874d0e28a9fb0
https://minmod.isi.edu/resource/mineral_sitee023255161ae96d1e2f3be0a215ce7b4e328d63f88ecbfcac1f1efb4da6ec656,https://minmod.isi.edu/resource/mineral_sitee023255161ae96d1e2f3be0a215ce7b4e328d63f88ecbfcac1f1efb4da6ec656
https://minmod.isi.edu/resource/mineral_site6c59fd02e81417e0dcbe733cc2be4dd2b8255d91e6ded5ac19487448b732031d,https://minmod.isi.edu/resource/mineral_site6c59fd02e81417e0dcbe733cc2be4dd2b8255d91e6ded5ac19487448b732031d
https://minmod.isi.edu/resource/mineral_site908c855324c0698c55a891dd68181eaafa71f5022c6365b2bd3e6fcc8005055c,https://minmod.isi.edu/resource/mineral_site908c855324c0698c55a891dd68181eaafa71f5022c6365b2bd3e6fcc8005055c
https://minmod.isi.edu/resource/mineral_sitedef4efbc49dd3b7142f34aad16456971dd21e82341bd98945530a851ba21fa55,https://minmod.isi.edu/resource/mineral_site908c855324c0698c55a891dd68181eaafa71f5022c6365b2bd3e6fcc8005055c
https://minmod.isi.edu/resource/mineral_site811feb6e030bf0c68d32642445b014663bd8900c29209ac4e005342cd0a43dc6,https://minmod.isi.edu/resource/mineral_site908c855324c0698c55a891dd68181eaafa71f5022c6365b2bd3e6fcc8005055c
https://minmod.isi.edu/resource/mineral_site1fe8ac439c26a9c6e6b9fd7edd9eb234a0cb3cc745dbae36edf7889c26101ef9,https://minmod.isi.edu/resource/mineral_site1fe8ac439c26a9c6e6b9fd7edd9eb234a0cb3cc745dbae36edf7889c26101ef9
https://minmod.isi.edu/resource/mineral_sitef85bad3bead21f578aa95b9a4f1d5489eb4898ed2645b56a57848985d079d307,https://minmod.isi.edu/resource/mineral_sitef85bad3bead21f578aa95b9a4f1d5489eb4898ed2645b56a57848985d079d307
https://minmod.isi.edu/resource/mineral_site2d5f6c13d53d50d44f6f924a777011564338170259d05e7124e8d8f20924cc48,https://minmod.isi.edu/resource/mineral_site2d5f6c13d53d50d44f6f924a777011564338170259d05e7124e8d8f20924cc48
https://minmod.isi.edu/resource/mineral_site1f9da7f92c4336348cf9c08e6718893d1ce01bd6c00a21561bdc05a2166ea3b8,https://minmod.isi.edu/resource/mineral_site1f9da7f92c4336348cf9c08e6718893d1ce01bd6c00a21561bdc05a2166ea3b8
https://minmod.isi.edu/resource/mineral_site5b50e58fe6c497b9a6d052d3585b6d2ac341cc1dea15dc172ff2932074d45811,https://minmod.isi.edu/resource/mineral_site5b50e58fe6c497b9a6d052d3585b6d2ac341cc1dea15dc172ff2932074d45811
https://minmod.isi.edu/resource/mineral_sitedd506a6320e354ac475e7908a10d78d9dcc69c807f7bb5366eab0ec687a79958,https://minmod.isi.edu/resource/mineral_sitedd506a6320e354ac475e7908a10d78d9dcc69c807f7bb5366eab0ec687a79958
https://minmod.isi.edu/resource/mineral_site03fff50c3ec048743bc20c2d8113531b6c3f98aeb9398d9ad48fa58be1f1af71,https://minmod.isi.edu/resource/mineral_sitedd506a6320e354ac475e7908a10d78d9dcc69c807f7bb5366eab0ec687a79958
https://minmod.isi.edu/resource/mineral_site22468378e72ceb6ea2ef66d55fabe2b05476f277a54bbe8698447abb57c64e9e,https://minmod.isi.edu/resource/mineral_sitedd506a6320e354ac475e7908a10d78d9dcc69c807f7bb5366eab0ec687a79958
https://minmod.isi.edu/resource/mineral_sitefdd4c083cfbe92d0ebca5dbd8000eced4fc2d2ff4fd38c3033db08f2cad208e3,https://minmod.isi.edu/resource/mineral_sitefdd4c083cfbe92d0ebca5dbd8000eced4fc2d2ff4fd38c3033db08f2cad208e3
https://minmod.isi.edu/resource/mineral_sitebecf67fffa837cd06000fc0ada298c3fd525285f5cf3a280b4c1343b966db460,https://minmod.isi.edu/resource/mineral_sitefdd4c083cfbe92d0ebca5dbd8000eced4fc2d2ff4fd38c3033db08f2cad208e3
https://minmod.isi.edu/resource/mineral_site82d0e3ef41d7bbfc52ee8c17e76a83f368363291f91056c5af9d6d63f278b2f5,https://minmod.isi.edu/resource/mineral_sitefdd4c083cfbe92d0ebca5dbd8000eced4fc2d2ff4fd38c3033db08f2cad208e3
https://minmod.isi.edu/resource/mineral_siteaee7bcdf6c9e1b72ff8ce149a9d9447782fad8f8f615e19f4a5ce1951a496116,https://minmod.isi.edu/resource/mineral_siteaee7bcdf6c9e1b72ff8ce149a9d9447782fad8f8f615e19f4a5ce1951a496116
https://minmod.isi.edu/resource/mineral_sitedb207818c10fdbc5c949185b45b8cdff8561e9973b6312375989516f58de5aa6,https://minmod.isi.edu/resource/mineral_siteaee7bcdf6c9e1b72ff8ce149a9d9447782fad8f8f615e19f4a5ce1951a496116
https://minmod.isi.edu/resource/mineral_site0eafe26e259f06cb8510dcab9ed564be34f424ff45e0f812f3f381323011a6d0,https://minmod.isi.edu/resource/mineral_site0eafe26e259f06cb8510dcab9ed564be34f424ff45e0f812f3f381323011a6d0
https://minmod.isi.edu/resource/mineral_siteafab0b6533bcd835317cf231341bab5aaece75b6c1a66d8434b6f80b5e5ce06e,https://minmod.isi.edu/resource/mineral_siteafab0b6533bcd835317cf231341bab5aaece75b6c1a66d8434b6f80b5e5ce06e
https://minmod.isi.edu/resource/mineral_sited51bef284f6a074557c5e5df6cfae42fd177f1b088d5b498c70391fa045693e4,https://minmod.isi.edu/resource/mineral_sited51bef284f6a074557c5e5df6cfae42fd177f1b088d5b498c70391fa045693e4
https://minmod.isi.edu/resource/mineral_site7f87d419b086fa90e0c66cbc111ea016f7cb3a7788ccb2f968f378a97851d5da,https://minmod.isi.edu/resource/mineral_site7f87d419b086fa90e0c66cbc111ea016f7cb3a7788ccb2f968f378a97851d5da
https://minmod.isi.edu/resource/mineral_site69a47d7e2e3529680b2f828f34f31117695e5a62d71f7c1c1f3f87970337ed56,https://minmod.isi.edu/resource/mineral_site7f87d419b086fa90e0c66cbc111ea016f7cb3a7788ccb2f968f378a97851d5da
https://minmod.isi.edu/resource/mineral_site42cf00865ad06f6a56076d70698780ee06c6bc4bef8f7a7014f418f2890ec331,https://minmod.isi.edu/resource/mineral_site42cf00865ad06f6a56076d70698780ee06c6bc4bef8f7a7014f418f2890ec331
https://minmod.isi.edu/resource/mineral_site288482c24b99ea8cdb7739b9993136e748db1139863f0d0ea67b498617f4d29b,https://minmod.isi.edu/resource/mineral_site288482c24b99ea8cdb7739b9993136e748db1139863f0d0ea67b498617f4d29b
https://minmod.isi.edu/resource/mineral_sited8ebf59b147c1e395fccccbd5dec67fc67661dfacae3d88d1ea160d72a8dc19e,https://minmod.isi.edu/resource/mineral_sited8ebf59b147c1e395fccccbd5dec67fc67661dfacae3d88d1ea160d72a8dc19e
https://minmod.isi.edu/resource/mineral_site4a73a076c3763a0482650cdee709ae3ebef5d7c2c1b52c5c300cb6056ddab299,https://minmod.isi.edu/resource/mineral_site4a73a076c3763a0482650cdee709ae3ebef5d7c2c1b52c5c300cb6056ddab299
https://minmod.isi.edu/resource/mineral_site266560c2936d5ed6bce418efb2fe1d6f1f6424451e803065fbbef11555dc067c,https://minmod.isi.edu/resource/mineral_site266560c2936d5ed6bce418efb2fe1d6f1f6424451e803065fbbef11555dc067c
https://minmod.isi.edu/resource/mineral_site03a95369241a93f64e3261dd44345af6d86549a45737468cb5eb17ccbb954e4e,https://minmod.isi.edu/resource/mineral_site266560c2936d5ed6bce418efb2fe1d6f1f6424451e803065fbbef11555dc067c
https://minmod.isi.edu/resource/mineral_sitebb6c2c769b7f1636e96a1a77efe945583a500efd086963dc1affafa49e9f539a,https://minmod.isi.edu/resource/mineral_sitebb6c2c769b7f1636e96a1a77efe945583a500efd086963dc1affafa49e9f539a
https://minmod.isi.edu/resource/mineral_sited194d4fcdafe46792e5e754f0611e123984b2e0663ed9967a362661f70ab9865,https://minmod.isi.edu/resource/mineral_sited194d4fcdafe46792e5e754f0611e123984b2e0663ed9967a362661f70ab9865
https://minmod.isi.edu/resource/mineral_site056c470032d5d99f7ac60eb722e8f821170bc369d365b48b96c5254da0fa3b6a,https://minmod.isi.edu/resource/mineral_site056c470032d5d99f7ac60eb722e8f821170bc369d365b48b96c5254da0fa3b6a
https://minmod.isi.edu/resource/mineral_site74afdfa25d22ffd9f63cc5f12816a6c5cc95051b89d0ae3f733ee6b5eda752bd,https://minmod.isi.edu/resource/mineral_site74afdfa25d22ffd9f63cc5f12816a6c5cc95051b89d0ae3f733ee6b5eda752bd
https://minmod.isi.edu/resource/mineral_site8c95348a1a7f18506d2ba1647e6cf1010028872738ceb48659a92700c7a6b97a,https://minmod.isi.edu/resource/mineral_site74afdfa25d22ffd9f63cc5f12816a6c5cc95051b89d0ae3f733ee6b5eda752bd
https://minmod.isi.edu/resource/mineral_site1510123b3c938edae0dff678afdb4bbde1242dd28579531730a363f2ee1f62f5,https://minmod.isi.edu/resource/mineral_site1510123b3c938edae0dff678afdb4bbde1242dd28579531730a363f2ee1f62f5
https://minmod.isi.edu/resource/mineral_site5b6b81aa32936b92cae98599e31bd015065d2ae8f0918b8d7b70eae4fd24e23a,https://minmod.isi.edu/resource/mineral_site5b6b81aa32936b92cae98599e31bd015065d2ae8f0918b8d7b70eae4fd24e23a
https://minmod.isi.edu/resource/mineral_site6b2a352fecac33e50f8e644f2898991e61bf566d0144f3e0aacfd9d16061b23a,https://minmod.isi.edu/resource/mineral_site6b2a352fecac33e50f8e644f2898991e61bf566d0144f3e0aacfd9d16061b23a
https://minmod.isi.edu/resource/mineral_sited8fcc724c4df2396117df6f8b5ef6701bb80b922e63e83c21ba7c1f45770892c,https://minmod.isi.edu/resource/mineral_sited8fcc724c4df2396117df6f8b5ef6701bb80b922e63e83c21ba7c1f45770892c
https://minmod.isi.edu/resource/mineral_site3758dfe27546bd024211d47d8a82ecbe9e2792584671315b5d3170f22f41ecff,https://minmod.isi.edu/resource/mineral_sited8fcc724c4df2396117df6f8b5ef6701bb80b922e63e83c21ba7c1f45770892c
https://minmod.isi.edu/resource/mineral_site0d89f4a18915773a88c89b3803ed9d7a81dc173747a3545466e6f85b3e21264b,https://minmod.isi.edu/resource/mineral_site0d89f4a18915773a88c89b3803ed9d7a81dc173747a3545466e6f85b3e21264b
https://minmod.isi.edu/resource/mineral_site20652b395d2e9276e021e3139d42cd1606a76c996573b6a14c03ccf5ba1ae440,https://minmod.isi.edu/resource/mineral_site20652b395d2e9276e021e3139d42cd1606a76c996573b6a14c03ccf5ba1ae440
https://minmod.isi.edu/resource/mineral_sitea2760d4adec259bfd688f18ec184244153d16f334bb6aae30f0285d74c8ce85d,https://minmod.isi.edu/resource/mineral_sitea2760d4adec259bfd688f18ec184244153d16f334bb6aae30f0285d74c8ce85d
https://minmod.isi.edu/resource/mineral_site3f8ceb7b7a733077628ab503cbb455a3c34071d03ba1b6bf8801e3d5923d25d5,https://minmod.isi.edu/resource/mineral_site3f8ceb7b7a733077628ab503cbb455a3c34071d03ba1b6bf8801e3d5923d25d5
https://minmod.isi.edu/resource/mineral_site6e3985034c5f5dca8c6bbd14a32a6e031dd650e4bc1cefd69c15357ab781ba53,https://minmod.isi.edu/resource/mineral_site3f8ceb7b7a733077628ab503cbb455a3c34071d03ba1b6bf8801e3d5923d25d5
https://minmod.isi.edu/resource/mineral_siteea62542fe8770a483e64a51a58480dc7943ac355048783540b27b89e632d01a5,https://minmod.isi.edu/resource/mineral_siteea62542fe8770a483e64a51a58480dc7943ac355048783540b27b89e632d01a5
https://minmod.isi.edu/resource/mineral_site8cfac1d87a8ddc90dfc79a05993a2d78a11887c54773c8161fd8fc24e800a508,https://minmod.isi.edu/resource/mineral_site8cfac1d87a8ddc90dfc79a05993a2d78a11887c54773c8161fd8fc24e800a508
https://minmod.isi.edu/resource/mineral_site2163c621d92a49c176723d72f025019ef80921f5aed508740f02c3e24a11287e,https://minmod.isi.edu/resource/mineral_site2163c621d92a49c176723d72f025019ef80921f5aed508740f02c3e24a11287e
https://minmod.isi.edu/resource/mineral_sitea9ef33682255c713f0976066319d0f4ea20a4d530e8cf1b1191aaee96012779b,https://minmod.isi.edu/resource/mineral_sitea9ef33682255c713f0976066319d0f4ea20a4d530e8cf1b1191aaee96012779b
https://minmod.isi.edu/resource/mineral_site89c9527133bb6a9e12877683809bd186e41d34b21aa2ccd64a3263e667728156,https://minmod.isi.edu/resource/mineral_sitea9ef33682255c713f0976066319d0f4ea20a4d530e8cf1b1191aaee96012779b
https://minmod.isi.edu/resource/mineral_site87a22ffa906587b567ac22fbc54d91abfd60c31f60add5741079004ba55388cf,https://minmod.isi.edu/resource/mineral_sitea9ef33682255c713f0976066319d0f4ea20a4d530e8cf1b1191aaee96012779b
https://minmod.isi.edu/resource/mineral_site9ae6310bf9fc7cfcf4b1a8dd1d1714256a0b903815b21c8c48467dea240f7292,https://minmod.isi.edu/resource/mineral_site9ae6310bf9fc7cfcf4b1a8dd1d1714256a0b903815b21c8c48467dea240f7292
https://minmod.isi.edu/resource/mineral_site27c8038fff5def3520c42292086c1515510af8926ee6009711d5f79e34f2a3da,https://minmod.isi.edu/resource/mineral_site27c8038fff5def3520c42292086c1515510af8926ee6009711d5f79e34f2a3da
https://minmod.isi.edu/resource/mineral_site128904365b0995dcf9a89945f4843fbb05d712348b6acb6db605e2b483c932d8,https://minmod.isi.edu/resource/mineral_site128904365b0995dcf9a89945f4843fbb05d712348b6acb6db605e2b483c932d8
https://minmod.isi.edu/resource/mineral_site0b49a111d57ed72230020d1c7121e78ec64456a112f2bb182288b969b038500b,https://minmod.isi.edu/resource/mineral_site128904365b0995dcf9a89945f4843fbb05d712348b6acb6db605e2b483c932d8
https://minmod.isi.edu/resource/mineral_sitefc5add8bac1ee3379468af8cde3f92b3ffd48ef43f98b7968a47bd8072cce89a,https://minmod.isi.edu/resource/mineral_sitefc5add8bac1ee3379468af8cde3f92b3ffd48ef43f98b7968a47bd8072cce89a
https://minmod.isi.edu/resource/mineral_sitecd888d69ee5ccea76af3d4d7cb63e4e74c2e0160cc300c28799dde2ed795f62b,https://minmod.isi.edu/resource/mineral_sitecd888d69ee5ccea76af3d4d7cb63e4e74c2e0160cc300c28799dde2ed795f62b
https://minmod.isi.edu/resource/mineral_siteee6a13f975f262e55e2efda695b1efe073d3dbf1d49367953785d7b45c19b50c,https://minmod.isi.edu/resource/mineral_siteee6a13f975f262e55e2efda695b1efe073d3dbf1d49367953785d7b45c19b50c
https://minmod.isi.edu/resource/mineral_sitee058c71502c387d6527d52fa08d889098d52ba2e464b845a2b00281d715e287b,https://minmod.isi.edu/resource/mineral_sitee058c71502c387d6527d52fa08d889098d52ba2e464b845a2b00281d715e287b
https://minmod.isi.edu/resource/mineral_site9f50d33be0fa99cc8ef3e5ca70643f3cc40824c982440ee6692c0dd99670c397,https://minmod.isi.edu/resource/mineral_site9f50d33be0fa99cc8ef3e5ca70643f3cc40824c982440ee6692c0dd99670c397
https://minmod.isi.edu/resource/mineral_sitec971c55b12f3b08dac546e7309ed18d0c9482c4de52e976cedc35990482a2881,https://minmod.isi.edu/resource/mineral_sitec971c55b12f3b08dac546e7309ed18d0c9482c4de52e976cedc35990482a2881
https://minmod.isi.edu/resource/mineral_site0976eb204a4eb1afcfe94e01e8bb9c0dd0aa45c7d044e662b60f77feb52aa324,https://minmod.isi.edu/resource/mineral_site0976eb204a4eb1afcfe94e01e8bb9c0dd0aa45c7d044e662b60f77feb52aa324
https://minmod.isi.edu/resource/mineral_siteea5ba05de4f051d9b190684f46ae3518eb3535dec3d37d4694ab2127ef1a3db2,https://minmod.isi.edu/resource/mineral_site0976eb204a4eb1afcfe94e01e8bb9c0dd0aa45c7d044e662b60f77feb52aa324
https://minmod.isi.edu/resource/mineral_sitebd585913795ec3c90c2591c5c38599cf55336b51587e2b60f0a5cdf4905d6d6f,https://minmod.isi.edu/resource/mineral_sitebd585913795ec3c90c2591c5c38599cf55336b51587e2b60f0a5cdf4905d6d6f
https://minmod.isi.edu/resource/mineral_sitea33bd7a332b7f76231dfd3792303b6e01c47e162aff93e4b0ecd877bd0002d34,https://minmod.isi.edu/resource/mineral_sitebd585913795ec3c90c2591c5c38599cf55336b51587e2b60f0a5cdf4905d6d6f
https://minmod.isi.edu/resource/mineral_site027c0506cf85261af5713bf63e9f548bc12016a8e698786a71a17614f0ae1267,https://minmod.isi.edu/resource/mineral_site027c0506cf85261af5713bf63e9f548bc12016a8e698786a71a17614f0ae1267
https://minmod.isi.edu/resource/mineral_site8ab61f9ac2b09c44d8b5daee14de3526570d23cbeeb74f61f952534ecd784e71,https://minmod.isi.edu/resource/mineral_site8ab61f9ac2b09c44d8b5daee14de3526570d23cbeeb74f61f952534ecd784e71
https://minmod.isi.edu/resource/mineral_site6cd8c574447a8354a2f8331723369b254c7a8261dcef1c48acad7f9df2a83f06,https://minmod.isi.edu/resource/mineral_site6cd8c574447a8354a2f8331723369b254c7a8261dcef1c48acad7f9df2a83f06
https://minmod.isi.edu/resource/mineral_site0645d16931afb6aaee0fd32b2c8e3906b24e927f42b4cae6145c594f5e0f9625,https://minmod.isi.edu/resource/mineral_site0645d16931afb6aaee0fd32b2c8e3906b24e927f42b4cae6145c594f5e0f9625
https://minmod.isi.edu/resource/mineral_siteeca6b81d86ddce808de6e8fc5195f7910682ba7db6f0d55ec1129495d42d801c,https://minmod.isi.edu/resource/mineral_siteeca6b81d86ddce808de6e8fc5195f7910682ba7db6f0d55ec1129495d42d801c
https://minmod.isi.edu/resource/mineral_site3c8dcea22bb5fd091d1d60ddf1445a898c3ea917fc1536e5f3136c0154285809,https://minmod.isi.edu/resource/mineral_site3c8dcea22bb5fd091d1d60ddf1445a898c3ea917fc1536e5f3136c0154285809
https://minmod.isi.edu/resource/mineral_site2c930620d152ed84cd3ab1883fcfb5210c0ba7a8ce53a1d28feb53722dd11e24,https://minmod.isi.edu/resource/mineral_site2c930620d152ed84cd3ab1883fcfb5210c0ba7a8ce53a1d28feb53722dd11e24
https://minmod.isi.edu/resource/mineral_site8fe5336321b75a193874f1554687b8f5f4106b8f12fe981dd2d43d789e99cdcd,https://minmod.isi.edu/resource/mineral_site8fe5336321b75a193874f1554687b8f5f4106b8f12fe981dd2d43d789e99cdcd
https://minmod.isi.edu/resource/mineral_sitea638fc0b7128b2f0faa630efffb0553743a6afc96c35389431aa6fe6c46b3bb7,https://minmod.isi.edu/resource/mineral_sitea638fc0b7128b2f0faa630efffb0553743a6afc96c35389431aa6fe6c46b3bb7
https://minmod.isi.edu/resource/mineral_site135e8e98d6313ad0f32724ab49a4f864f25ed18aa540c0b75ac2285ad12ebd31,https://minmod.isi.edu/resource/mineral_site135e8e98d6313ad0f32724ab49a4f864f25ed18aa540c0b75ac2285ad12ebd31
https://minmod.isi.edu/resource/mineral_sitea34b255f49ec65aec4dca8ec578b18a6fc30f5cfdf7900e46f8c68b9cb9cac0a,https://minmod.isi.edu/resource/mineral_sitea34b255f49ec65aec4dca8ec578b18a6fc30f5cfdf7900e46f8c68b9cb9cac0a
https://minmod.isi.edu/resource/mineral_site206a46248e521e73e4bce634a46c87c3a2d8032de9479932a14488dbcb5bf3af,https://minmod.isi.edu/resource/mineral_sitea34b255f49ec65aec4dca8ec578b18a6fc30f5cfdf7900e46f8c68b9cb9cac0a
https://minmod.isi.edu/resource/mineral_site9cf5a67eea109c5970b24702f1e311c674b0bd674cbee99136d1b5404a7b217a,https://minmod.isi.edu/resource/mineral_sitea34b255f49ec65aec4dca8ec578b18a6fc30f5cfdf7900e46f8c68b9cb9cac0a
https://minmod.isi.edu/resource/mineral_sitec05e2057d7dfb368bcfbf0ce27d9337d479e8256bb5e513840c170ebc67c426e,https://minmod.isi.edu/resource/mineral_sitec05e2057d7dfb368bcfbf0ce27d9337d479e8256bb5e513840c170ebc67c426e
https://minmod.isi.edu/resource/mineral_site438fe32e93670fced5e9f701a03932d93e8caea829346310ff5c24faba7d1820,https://minmod.isi.edu/resource/mineral_site438fe32e93670fced5e9f701a03932d93e8caea829346310ff5c24faba7d1820
https://minmod.isi.edu/resource/mineral_site538f202dd53f9d6c6096e9b147dec5e06fc972657fcc44fa478873a1a4e091ae,https://minmod.isi.edu/resource/mineral_site538f202dd53f9d6c6096e9b147dec5e06fc972657fcc44fa478873a1a4e091ae
https://minmod.isi.edu/resource/mineral_sitee56e5b253dea9dfe90198d918ad24e2b51586d32760bc0b8f9aaa638b1d613e3,https://minmod.isi.edu/resource/mineral_sitee56e5b253dea9dfe90198d918ad24e2b51586d32760bc0b8f9aaa638b1d613e3
https://minmod.isi.edu/resource/mineral_sitefa0e45ee599d56ed498c7e5d5c6dc430fa14b5b57ce305d79ace5433f463ef3f,https://minmod.isi.edu/resource/mineral_sitefa0e45ee599d56ed498c7e5d5c6dc430fa14b5b57ce305d79ace5433f463ef3f
https://minmod.isi.edu/resource/mineral_sitecc4a6c8974f9ac033c382ca3bcc5cf6bad7f3063f50d06d231b3541f65d80a22,https://minmod.isi.edu/resource/mineral_sitecc4a6c8974f9ac033c382ca3bcc5cf6bad7f3063f50d06d231b3541f65d80a22
https://minmod.isi.edu/resource/mineral_site7e55e1211de56365b12fba0f117f9799ab3c95ae307a96ba91aa88d0d1494163,https://minmod.isi.edu/resource/mineral_site7e55e1211de56365b12fba0f117f9799ab3c95ae307a96ba91aa88d0d1494163
https://minmod.isi.edu/resource/mineral_site37c49cb5717fbd329ff209f9c247596205a8fd609179c30da34a4fdccdac2d50,https://minmod.isi.edu/resource/mineral_site37c49cb5717fbd329ff209f9c247596205a8fd609179c30da34a4fdccdac2d50
https://minmod.isi.edu/resource/mineral_site20c650c4d072bcef9d99512efa97f9427b4962daea813de09f9956cb8a97c4d3,https://minmod.isi.edu/resource/mineral_site20c650c4d072bcef9d99512efa97f9427b4962daea813de09f9956cb8a97c4d3
https://minmod.isi.edu/resource/mineral_site06a5f40a17ce2b54464c6fbc87fa5a913eba0adde04b007294fcc86d49de9a48,https://minmod.isi.edu/resource/mineral_site20c650c4d072bcef9d99512efa97f9427b4962daea813de09f9956cb8a97c4d3
https://minmod.isi.edu/resource/mineral_site16ed841a24fbefd83251147a3ee1e8c16e679d3732a297e1ca997fafc01fe248,https://minmod.isi.edu/resource/mineral_site16ed841a24fbefd83251147a3ee1e8c16e679d3732a297e1ca997fafc01fe248
https://minmod.isi.edu/resource/mineral_sitebc17fa6639ae720a94d3fefc8bd85490887e68b3ced2a799a2b1cd2b84522b5f,https://minmod.isi.edu/resource/mineral_sitebc17fa6639ae720a94d3fefc8bd85490887e68b3ced2a799a2b1cd2b84522b5f
https://minmod.isi.edu/resource/mineral_site8435f5e40de2549907255423131bb0e1dcff7339c246ed4bb6d7037d5762a00b,https://minmod.isi.edu/resource/mineral_site8435f5e40de2549907255423131bb0e1dcff7339c246ed4bb6d7037d5762a00b
https://minmod.isi.edu/resource/mineral_siteeaba9c93887817c0272cf2f8ce18118564068d95fbacf81e4dc8342eec3364f9,https://minmod.isi.edu/resource/mineral_siteeaba9c93887817c0272cf2f8ce18118564068d95fbacf81e4dc8342eec3364f9
https://minmod.isi.edu/resource/mineral_sitef2601a57110a96eaee8c8574d1fae36d57d6bfffd6363513fc221542e604c5c2,https://minmod.isi.edu/resource/mineral_sitef2601a57110a96eaee8c8574d1fae36d57d6bfffd6363513fc221542e604c5c2
https://minmod.isi.edu/resource/mineral_site0059cc99cff063188b540b439747f0d388eb3c8cf94e46ea96ddfbfdf54fbaad,https://minmod.isi.edu/resource/mineral_site0059cc99cff063188b540b439747f0d388eb3c8cf94e46ea96ddfbfdf54fbaad
https://minmod.isi.edu/resource/mineral_site3e2b2885c6d238f81bb5411c5182ef0e34e4294123be094d62fa22c6ab342d68,https://minmod.isi.edu/resource/mineral_site3e2b2885c6d238f81bb5411c5182ef0e34e4294123be094d62fa22c6ab342d68
https://minmod.isi.edu/resource/mineral_siteba9a97bbb17a0e760d7655a71f4173dbe8ab9a4cbf34e4ac07fd9f8037030c63,https://minmod.isi.edu/resource/mineral_siteba9a97bbb17a0e760d7655a71f4173dbe8ab9a4cbf34e4ac07fd9f8037030c63
https://minmod.isi.edu/resource/mineral_site0b1a4eec2647c36513b4ab9681e0d995ff0aeb17e737483722e2db1c5d477e01,https://minmod.isi.edu/resource/mineral_site0b1a4eec2647c36513b4ab9681e0d995ff0aeb17e737483722e2db1c5d477e01
https://minmod.isi.edu/resource/mineral_sitea3e33b80a284324b16f5e1f9d45df613f61c544dd9f7c36f9e425d225f154654,https://minmod.isi.edu/resource/mineral_site0b1a4eec2647c36513b4ab9681e0d995ff0aeb17e737483722e2db1c5d477e01
https://minmod.isi.edu/resource/mineral_site241d280d753a91965bb556c2717264ad133baa7f77bc6798a141fae4762b0b79,https://minmod.isi.edu/resource/mineral_site241d280d753a91965bb556c2717264ad133baa7f77bc6798a141fae4762b0b79
https://minmod.isi.edu/resource/mineral_site954d74a285f6e4009771dcb29911658cbc54e3f798ec0123004c97206910cd9c,https://minmod.isi.edu/resource/mineral_site241d280d753a91965bb556c2717264ad133baa7f77bc6798a141fae4762b0b79
https://minmod.isi.edu/resource/mineral_site05c67ab005da11df3657ff971cb88fbcba67fd27fba9e54c829ee4132b67fb3f,https://minmod.isi.edu/resource/mineral_site05c67ab005da11df3657ff971cb88fbcba67fd27fba9e54c829ee4132b67fb3f
https://minmod.isi.edu/resource/mineral_site6f4f8d6757fc477ca65e9d066d890877040f145a969bb1ce126a40a770ecdf75,https://minmod.isi.edu/resource/mineral_site05c67ab005da11df3657ff971cb88fbcba67fd27fba9e54c829ee4132b67fb3f
https://minmod.isi.edu/resource/mineral_sitedb690be080a5c5c3d7050cb4984b8cc683a989fb2d6193ebf0de441f6aed5b28,https://minmod.isi.edu/resource/mineral_sitedb690be080a5c5c3d7050cb4984b8cc683a989fb2d6193ebf0de441f6aed5b28
https://minmod.isi.edu/resource/mineral_siteb24edfef340b138c3fa139427b0adf8c9059603dfb03b901f1b4b6dd892f67c7,https://minmod.isi.edu/resource/mineral_siteb24edfef340b138c3fa139427b0adf8c9059603dfb03b901f1b4b6dd892f67c7
https://minmod.isi.edu/resource/mineral_site3817f26b81c6bda54e0183eab43b926c9a28f9c28c8a4964e21ca55d1b4ce7dc,https://minmod.isi.edu/resource/mineral_site3817f26b81c6bda54e0183eab43b926c9a28f9c28c8a4964e21ca55d1b4ce7dc
https://minmod.isi.edu/resource/mineral_sitebe3ce9487ec8bf31070a27a3efdcdcd46f6068075a3aa2f5a8477289bc015d0d,https://minmod.isi.edu/resource/mineral_sitebe3ce9487ec8bf31070a27a3efdcdcd46f6068075a3aa2f5a8477289bc015d0d
https://minmod.isi.edu/resource/mineral_site5a4287c63a0d6e40be8edfd78a1aab5c5abf1b697748f9c13403102af01acced,https://minmod.isi.edu/resource/mineral_sitebe3ce9487ec8bf31070a27a3efdcdcd46f6068075a3aa2f5a8477289bc015d0d
https://minmod.isi.edu/resource/mineral_site6c4116dd102205807a8edb1cef3dd65c8536187a53f5bfd33016059722b26111,https://minmod.isi.edu/resource/mineral_site6c4116dd102205807a8edb1cef3dd65c8536187a53f5bfd33016059722b26111
https://minmod.isi.edu/resource/mineral_site8210b30e0943c5d0b059a1c10d9fa517100dd3db86bb6e6c564ea89b98eef701,https://minmod.isi.edu/resource/mineral_site8210b30e0943c5d0b059a1c10d9fa517100dd3db86bb6e6c564ea89b98eef701
https://minmod.isi.edu/resource/mineral_site59136c00ea98adfa2c2c84c892590faa21e373b9f8c894f79fc699ca4c06a1e4,https://minmod.isi.edu/resource/mineral_site8210b30e0943c5d0b059a1c10d9fa517100dd3db86bb6e6c564ea89b98eef701
https://minmod.isi.edu/resource/mineral_site89ab84d7df062f4e3231254b6d710683e5121170d950029dc6723d9afa53beb5,https://minmod.isi.edu/resource/mineral_site89ab84d7df062f4e3231254b6d710683e5121170d950029dc6723d9afa53beb5
https://minmod.isi.edu/resource/mineral_sitec77a0416c1445359384dff0195974046d07355488899660db7cc1a5434d751e3,https://minmod.isi.edu/resource/mineral_sitec77a0416c1445359384dff0195974046d07355488899660db7cc1a5434d751e3
https://minmod.isi.edu/resource/mineral_site10e10451aec603a8c5ed1c9c903a55d27da82bec22fdda2fd8f794cd72867b9f,https://minmod.isi.edu/resource/mineral_site10e10451aec603a8c5ed1c9c903a55d27da82bec22fdda2fd8f794cd72867b9f
https://minmod.isi.edu/resource/mineral_site66f59a1b8ef085cc9188688dc204a9852361445f221bdd0078a6db0b0ab01498,https://minmod.isi.edu/resource/mineral_site10e10451aec603a8c5ed1c9c903a55d27da82bec22fdda2fd8f794cd72867b9f
https://minmod.isi.edu/resource/mineral_site445c1c051ca69ecc2467849e5c577d4b8626ee299ff50ca313c2d32a207d092c,https://minmod.isi.edu/resource/mineral_site445c1c051ca69ecc2467849e5c577d4b8626ee299ff50ca313c2d32a207d092c
https://minmod.isi.edu/resource/mineral_site9d3aaa877fec4fe1bf9af8aa644071f683d65e314bbc336e4a315fb91f3d0fde,https://minmod.isi.edu/resource/mineral_site9d3aaa877fec4fe1bf9af8aa644071f683d65e314bbc336e4a315fb91f3d0fde
https://minmod.isi.edu/resource/mineral_site9701afa6c93243bc9fd63f2a2397c47a86f1dcbea885785221387964d2a608a5,https://minmod.isi.edu/resource/mineral_site9701afa6c93243bc9fd63f2a2397c47a86f1dcbea885785221387964d2a608a5
https://minmod.isi.edu/resource/mineral_sitee25f1b143287548f387e5a0a4c548df873311d206941265fc9ced8431e0eea53,https://minmod.isi.edu/resource/mineral_sitee25f1b143287548f387e5a0a4c548df873311d206941265fc9ced8431e0eea53
https://minmod.isi.edu/resource/mineral_siteff41039995869a42f07e2708d3267214005666a015f7a51d02076201e584fc4d,https://minmod.isi.edu/resource/mineral_siteff41039995869a42f07e2708d3267214005666a015f7a51d02076201e584fc4d
https://minmod.isi.edu/resource/mineral_site79aec8f47684f2662d7faf7a34feed369d7d19e8c584370b4ffd1bc1c49b7dc1,https://minmod.isi.edu/resource/mineral_site79aec8f47684f2662d7faf7a34feed369d7d19e8c584370b4ffd1bc1c49b7dc1
https://minmod.isi.edu/resource/mineral_siteed0e9f67f8cf2473b145f583325a415667c4cbeda3aa69a0a53224885c28996b,https://minmod.isi.edu/resource/mineral_siteed0e9f67f8cf2473b145f583325a415667c4cbeda3aa69a0a53224885c28996b
https://minmod.isi.edu/resource/mineral_site53863247947054ebe369c7064c0610fd10949120676bfe10b5e6013dbc6695eb,https://minmod.isi.edu/resource/mineral_site53863247947054ebe369c7064c0610fd10949120676bfe10b5e6013dbc6695eb
https://minmod.isi.edu/resource/mineral_site8a64f0499ef317a573c234107a6fe691b27bf9763bb10799f3a3255b988eff87,https://minmod.isi.edu/resource/mineral_site53863247947054ebe369c7064c0610fd10949120676bfe10b5e6013dbc6695eb
https://minmod.isi.edu/resource/mineral_sitefc9005abe09cac4d359df04b90223b251052626a4d6cf371eeeb7f6fce8a433a,https://minmod.isi.edu/resource/mineral_sitefc9005abe09cac4d359df04b90223b251052626a4d6cf371eeeb7f6fce8a433a
https://minmod.isi.edu/resource/mineral_site805b9559a5f98016fea1e5202f5f7732fa32518ff4000d77bab93cd8d3765cd6,https://minmod.isi.edu/resource/mineral_sitefc9005abe09cac4d359df04b90223b251052626a4d6cf371eeeb7f6fce8a433a
https://minmod.isi.edu/resource/mineral_siteee5c64c0d2e31b5d3b235d47975b101a24a4acd125f3b3a57522ed6bb604156e,https://minmod.isi.edu/resource/mineral_siteee5c64c0d2e31b5d3b235d47975b101a24a4acd125f3b3a57522ed6bb604156e
https://minmod.isi.edu/resource/mineral_siteea8975d2b9a286a657925d96e360b85f9ed683d63d8270319ee92ef6b0c19800,https://minmod.isi.edu/resource/mineral_siteee5c64c0d2e31b5d3b235d47975b101a24a4acd125f3b3a57522ed6bb604156e
https://minmod.isi.edu/resource/mineral_site32655c64595548c93b21177a58678d1d7e30fdf254400a680a4f4eaea85823e3,https://minmod.isi.edu/resource/mineral_site32655c64595548c93b21177a58678d1d7e30fdf254400a680a4f4eaea85823e3
https://minmod.isi.edu/resource/mineral_sitef74a6e9e81af4d2f01407b2ab8cc4a6c99435194d4e4037b7d168d25fb7e9655,https://minmod.isi.edu/resource/mineral_sitef74a6e9e81af4d2f01407b2ab8cc4a6c99435194d4e4037b7d168d25fb7e9655
https://minmod.isi.edu/resource/mineral_site743669f70224dbcd074ab1a6ca4af3975ffb82059c5edc0599c5ec1ce15ce009,https://minmod.isi.edu/resource/mineral_site743669f70224dbcd074ab1a6ca4af3975ffb82059c5edc0599c5ec1ce15ce009
https://minmod.isi.edu/resource/mineral_site82d531b7d047b3888b3f8783f20212f104ffe2f4d82bbb9b75b9fc170b66bd49,https://minmod.isi.edu/resource/mineral_site82d531b7d047b3888b3f8783f20212f104ffe2f4d82bbb9b75b9fc170b66bd49
https://minmod.isi.edu/resource/mineral_site7713fb92f981c1787a6c31cc9e54da133b69475649110ab1e1f984575d6162ce,https://minmod.isi.edu/resource/mineral_site82d531b7d047b3888b3f8783f20212f104ffe2f4d82bbb9b75b9fc170b66bd49
https://minmod.isi.edu/resource/mineral_site27cf0e434bf6112dc59ddce6b3923d4d0621432612b27777de67c4db7114a75b,https://minmod.isi.edu/resource/mineral_site27cf0e434bf6112dc59ddce6b3923d4d0621432612b27777de67c4db7114a75b
https://minmod.isi.edu/resource/mineral_site6b79e3bb272cb6cb869b40547955d3361cdfd973db5895a66f94ec83a771bd77,https://minmod.isi.edu/resource/mineral_site6b79e3bb272cb6cb869b40547955d3361cdfd973db5895a66f94ec83a771bd77
https://minmod.isi.edu/resource/mineral_siteb1377aff404e791d010eeb28dc96275796802a4d555144e7aa3ca74aa7d3aec1,https://minmod.isi.edu/resource/mineral_siteb1377aff404e791d010eeb28dc96275796802a4d555144e7aa3ca74aa7d3aec1
https://minmod.isi.edu/resource/mineral_site52244f0e70fd8408472c787f4af43e057b01f835cbe5ee853af1c7c2c555a57d,https://minmod.isi.edu/resource/mineral_site52244f0e70fd8408472c787f4af43e057b01f835cbe5ee853af1c7c2c555a57d
https://minmod.isi.edu/resource/mineral_site2836d338f67d59bed264c1e108912eb240e88dea2428c2801cab031ddd78bd41,https://minmod.isi.edu/resource/mineral_site2836d338f67d59bed264c1e108912eb240e88dea2428c2801cab031ddd78bd41
https://minmod.isi.edu/resource/mineral_sitefb81a87d93b8f88fee1e6880a75b7af07cc078920bc04eb973531c80752b5b26,https://minmod.isi.edu/resource/mineral_sitefb81a87d93b8f88fee1e6880a75b7af07cc078920bc04eb973531c80752b5b26
https://minmod.isi.edu/resource/mineral_site18f65358d0a7ca4548c3bdd15b8cd7d2d32005072befe64740eea4c0ab514cb4,https://minmod.isi.edu/resource/mineral_sitefb81a87d93b8f88fee1e6880a75b7af07cc078920bc04eb973531c80752b5b26
https://minmod.isi.edu/resource/mineral_site9b670c8386cbd45bf6a63385d34f37a0d46024da8c089ba0956c0796b8634dbd,https://minmod.isi.edu/resource/mineral_site9b670c8386cbd45bf6a63385d34f37a0d46024da8c089ba0956c0796b8634dbd
https://minmod.isi.edu/resource/mineral_sitec826a28bb358a3e6ac5ad1c3b1a5fc981e70011adac8090140d43fb3c7c6eba5,https://minmod.isi.edu/resource/mineral_sitec826a28bb358a3e6ac5ad1c3b1a5fc981e70011adac8090140d43fb3c7c6eba5
https://minmod.isi.edu/resource/mineral_site928d4ed5de9c85631197c8e43f4a5d6c1a08875432f839b8d24fcd9a6304a00e,https://minmod.isi.edu/resource/mineral_site928d4ed5de9c85631197c8e43f4a5d6c1a08875432f839b8d24fcd9a6304a00e
https://minmod.isi.edu/resource/mineral_site574bbd0d395a19d2831d30a76f4424b04554acc61ae9731d2341dfd5dda8ed19,https://minmod.isi.edu/resource/mineral_site574bbd0d395a19d2831d30a76f4424b04554acc61ae9731d2341dfd5dda8ed19
https://minmod.isi.edu/resource/mineral_site84517f4ee1a331a5808c9cebc5ebd5ca2d78f0770e658c38e4b7530df3a416fb,https://minmod.isi.edu/resource/mineral_site574bbd0d395a19d2831d30a76f4424b04554acc61ae9731d2341dfd5dda8ed19
https://minmod.isi.edu/resource/mineral_site167e2e10a810c357de774b2bb2b5591c07378a4cc46ff4c23366f55a0e87f6a8,https://minmod.isi.edu/resource/mineral_site167e2e10a810c357de774b2bb2b5591c07378a4cc46ff4c23366f55a0e87f6a8
https://minmod.isi.edu/resource/mineral_site72a8f03f20f69c724696041131addcb45da9d123657db8a4646e070fb04bf958,https://minmod.isi.edu/resource/mineral_site72a8f03f20f69c724696041131addcb45da9d123657db8a4646e070fb04bf958
https://minmod.isi.edu/resource/mineral_site4022eb40efa2dbe206a3bf7631f62d928f50fceda443e045e0305333bbe4c2fe,https://minmod.isi.edu/resource/mineral_site4022eb40efa2dbe206a3bf7631f62d928f50fceda443e045e0305333bbe4c2fe
https://minmod.isi.edu/resource/mineral_sitea1ffa1e44ba2095ab88155859be05c4e17f9d333736f308293f23b374330edf2,https://minmod.isi.edu/resource/mineral_sitea1ffa1e44ba2095ab88155859be05c4e17f9d333736f308293f23b374330edf2
https://minmod.isi.edu/resource/mineral_site287c6d978d7269f3e2877af05a81cd4e95726a0a75ea3bf0cb2bbfc278888ffe,https://minmod.isi.edu/resource/mineral_sitea1ffa1e44ba2095ab88155859be05c4e17f9d333736f308293f23b374330edf2
https://minmod.isi.edu/resource/mineral_sitecff98341eb05eb603f67c10aec0cd5c443fa64502a92d7d7920a63785a26d28f,https://minmod.isi.edu/resource/mineral_sitecff98341eb05eb603f67c10aec0cd5c443fa64502a92d7d7920a63785a26d28f
https://minmod.isi.edu/resource/mineral_siteb35234019a397a5b786fab9f44b11dd62b5f6b09e324d09ee8145569c2e23fca,https://minmod.isi.edu/resource/mineral_siteb35234019a397a5b786fab9f44b11dd62b5f6b09e324d09ee8145569c2e23fca
https://minmod.isi.edu/resource/mineral_site723d0dc7732587e2b1791a527ce8a2c39487652b2705f6b9bd4c9d59554efa42,https://minmod.isi.edu/resource/mineral_site723d0dc7732587e2b1791a527ce8a2c39487652b2705f6b9bd4c9d59554efa42
https://minmod.isi.edu/resource/mineral_siteae8971f6d3f960cc83fa5a37d9d817c7f9f3586a4e3ce555155f00d88ebf844a,https://minmod.isi.edu/resource/mineral_siteae8971f6d3f960cc83fa5a37d9d817c7f9f3586a4e3ce555155f00d88ebf844a
https://minmod.isi.edu/resource/mineral_sitec4f18916544f990a268f76334bffd7e6283936590531c9c031aaa9943333359f,https://minmod.isi.edu/resource/mineral_siteae8971f6d3f960cc83fa5a37d9d817c7f9f3586a4e3ce555155f00d88ebf844a
https://minmod.isi.edu/resource/mineral_site062af52d27b0e1acd589daf8a5296e5fa6d593957a559c4318b254767d11a3ee,https://minmod.isi.edu/resource/mineral_siteae8971f6d3f960cc83fa5a37d9d817c7f9f3586a4e3ce555155f00d88ebf844a
https://minmod.isi.edu/resource/mineral_sited32fb79bfbb6cc83fe0f9f04147052f4e0d0d2238581ae02f7bc28aad27f57f6,https://minmod.isi.edu/resource/mineral_sited32fb79bfbb6cc83fe0f9f04147052f4e0d0d2238581ae02f7bc28aad27f57f6
https://minmod.isi.edu/resource/mineral_site53ce29d3a8b0939d2752e3c87fad2c6376b7a1b207ebf5d9310def2f240d8ae6,https://minmod.isi.edu/resource/mineral_site53ce29d3a8b0939d2752e3c87fad2c6376b7a1b207ebf5d9310def2f240d8ae6
https://minmod.isi.edu/resource/mineral_sitec554131a1e73517e62b8722c4ba1f2cdbce7250b5716f2e59abad58610626575,https://minmod.isi.edu/resource/mineral_sitec554131a1e73517e62b8722c4ba1f2cdbce7250b5716f2e59abad58610626575
https://minmod.isi.edu/resource/mineral_site5e6387c417997381cf430320932387b6d76bd6c26f496509e2495c4e5c109693,https://minmod.isi.edu/resource/mineral_site5e6387c417997381cf430320932387b6d76bd6c26f496509e2495c4e5c109693
https://minmod.isi.edu/resource/mineral_sitef6fc01e9e8551c40fd0ced4c093ea2678a7eb021e418a66e12014230c695f72f,https://minmod.isi.edu/resource/mineral_site5e6387c417997381cf430320932387b6d76bd6c26f496509e2495c4e5c109693
https://minmod.isi.edu/resource/mineral_site63408a38d687c05dfe4491d0dd15a8c8e08c2c433dc166efeb3e191575f5bc3c,https://minmod.isi.edu/resource/mineral_site63408a38d687c05dfe4491d0dd15a8c8e08c2c433dc166efeb3e191575f5bc3c
https://minmod.isi.edu/resource/mineral_site220adafbd68fdfe86e84fe5cde515dcb111ec2fe4667b7b895c704bf078ac8ea,https://minmod.isi.edu/resource/mineral_site220adafbd68fdfe86e84fe5cde515dcb111ec2fe4667b7b895c704bf078ac8ea
https://minmod.isi.edu/resource/mineral_site17f99ac5fc1ae095ddd94b20e7d78ccf823879d188a06f9da7b99ef857d375ff,https://minmod.isi.edu/resource/mineral_site17f99ac5fc1ae095ddd94b20e7d78ccf823879d188a06f9da7b99ef857d375ff
https://minmod.isi.edu/resource/mineral_sitebea0df9d2ef7b1c27f3ce6a155a5ff04c936ad9b8855e2da150303008715f92c,https://minmod.isi.edu/resource/mineral_sitebea0df9d2ef7b1c27f3ce6a155a5ff04c936ad9b8855e2da150303008715f92c
https://minmod.isi.edu/resource/mineral_sitefa8ffb657727abc364b390bf80b5bbfc460a59497012ec717eefdf95bab627be,https://minmod.isi.edu/resource/mineral_sitefa8ffb657727abc364b390bf80b5bbfc460a59497012ec717eefdf95bab627be
https://minmod.isi.edu/resource/mineral_site01456149e1ed8f7c97923fa46ae8d682187694a7e35feccfd18a6e0a1160104f,https://minmod.isi.edu/resource/mineral_site01456149e1ed8f7c97923fa46ae8d682187694a7e35feccfd18a6e0a1160104f
https://minmod.isi.edu/resource/mineral_site7f64cdc3c67e26f2c8ba7527e7d21e74454a7ce8a394e8122bac665cd570a1e4,https://minmod.isi.edu/resource/mineral_site01456149e1ed8f7c97923fa46ae8d682187694a7e35feccfd18a6e0a1160104f
https://minmod.isi.edu/resource/mineral_site45dde28fdf954fd68732ce82aec55dbc884c74ca01033ffa8074cf7246a9eb80,https://minmod.isi.edu/resource/mineral_site45dde28fdf954fd68732ce82aec55dbc884c74ca01033ffa8074cf7246a9eb80
https://minmod.isi.edu/resource/mineral_site7e3e444a09a406f145264ae3f9452415838a48b819f6b6353d9aa3e5f30a908c,https://minmod.isi.edu/resource/mineral_site7e3e444a09a406f145264ae3f9452415838a48b819f6b6353d9aa3e5f30a908c
https://minmod.isi.edu/resource/mineral_site433fd644bf01257c97980f19bfedc7480c0bce8e4ec56a5e24ded3bcf8304e6f,https://minmod.isi.edu/resource/mineral_site433fd644bf01257c97980f19bfedc7480c0bce8e4ec56a5e24ded3bcf8304e6f
https://minmod.isi.edu/resource/mineral_sitea59689c3b1122e8476dea4329ba9ed6ba401bfc48e4befbb2c16d85128cd6dcb,https://minmod.isi.edu/resource/mineral_sitea59689c3b1122e8476dea4329ba9ed6ba401bfc48e4befbb2c16d85128cd6dcb
https://minmod.isi.edu/resource/mineral_sitef8b7bf1a0ceaadd4bd2d90c7eac5b900cfa6927d9de61fe6c711f8dc092a2533,https://minmod.isi.edu/resource/mineral_sitef8b7bf1a0ceaadd4bd2d90c7eac5b900cfa6927d9de61fe6c711f8dc092a2533
https://minmod.isi.edu/resource/mineral_sitecf4cd87b4cc49bbbe68e7d55d9fcf906ee91bf83e422fe30c414bab5f3054e65,https://minmod.isi.edu/resource/mineral_sitef8b7bf1a0ceaadd4bd2d90c7eac5b900cfa6927d9de61fe6c711f8dc092a2533
https://minmod.isi.edu/resource/mineral_site19c8086c30987209867c257ced10486ee86a6d05f07f33cdefe02481b2f1c59b,https://minmod.isi.edu/resource/mineral_site19c8086c30987209867c257ced10486ee86a6d05f07f33cdefe02481b2f1c59b
https://minmod.isi.edu/resource/mineral_site07dee8038ed2a7d43ddf3d7c1ba4e06b14c6cd17905a8b81c3a43a9fee98bac9,https://minmod.isi.edu/resource/mineral_site19c8086c30987209867c257ced10486ee86a6d05f07f33cdefe02481b2f1c59b
https://minmod.isi.edu/resource/mineral_siteec548896aa386b5bcf2cfa834f4db2f819f275329a8b66313e620fd6d0ab7d75,https://minmod.isi.edu/resource/mineral_siteec548896aa386b5bcf2cfa834f4db2f819f275329a8b66313e620fd6d0ab7d75
https://minmod.isi.edu/resource/mineral_sitea4d5b36826bc6881a3c24effe5a0632e1ed83c86eca3c378ac31d20293c47ad2,https://minmod.isi.edu/resource/mineral_sitea4d5b36826bc6881a3c24effe5a0632e1ed83c86eca3c378ac31d20293c47ad2
https://minmod.isi.edu/resource/mineral_site8c266f63e256337a166a3d94bf02008a82c67fe6e48c82e105ee320e31bcc8c6,https://minmod.isi.edu/resource/mineral_site8c266f63e256337a166a3d94bf02008a82c67fe6e48c82e105ee320e31bcc8c6
https://minmod.isi.edu/resource/mineral_site40ec1548054ac09db293dfe5957e2b5fec51e3d23082c8d57f9aeac0b160d532,https://minmod.isi.edu/resource/mineral_site40ec1548054ac09db293dfe5957e2b5fec51e3d23082c8d57f9aeac0b160d532
https://minmod.isi.edu/resource/mineral_sitee0d047ee937f8aadcb5e037ab8d73130732d20dca75172a1c6699879d8f1e84d,https://minmod.isi.edu/resource/mineral_site40ec1548054ac09db293dfe5957e2b5fec51e3d23082c8d57f9aeac0b160d532
https://minmod.isi.edu/resource/mineral_site1c76e7b46318d60098f6a2c7cada9da95652feb1cbb1535bd2fc2377aae37a14,https://minmod.isi.edu/resource/mineral_site40ec1548054ac09db293dfe5957e2b5fec51e3d23082c8d57f9aeac0b160d532
https://minmod.isi.edu/resource/mineral_site16c0c97bd1d5eec6e477607b3f3ad7d1b736a0b991ea9e79ffce5da6de154ee2,https://minmod.isi.edu/resource/mineral_site16c0c97bd1d5eec6e477607b3f3ad7d1b736a0b991ea9e79ffce5da6de154ee2
https://minmod.isi.edu/resource/mineral_sited280d8a8c4bbe8f334bf1202117c64f7d90a4a5b37ffc7e53cc8e2dc170d343b,https://minmod.isi.edu/resource/mineral_sited280d8a8c4bbe8f334bf1202117c64f7d90a4a5b37ffc7e53cc8e2dc170d343b
https://minmod.isi.edu/resource/mineral_site6a22ba924b7ed03717e16084f70ce65969411872407c87e96b85b83d28941e90,https://minmod.isi.edu/resource/mineral_site6a22ba924b7ed03717e16084f70ce65969411872407c87e96b85b83d28941e90
https://minmod.isi.edu/resource/mineral_siteb7c6a1a9d7e1bc3d376860a2e70f13a20bd3e39fe7e4f27ff0ed800a1f75b794,https://minmod.isi.edu/resource/mineral_siteb7c6a1a9d7e1bc3d376860a2e70f13a20bd3e39fe7e4f27ff0ed800a1f75b794
https://minmod.isi.edu/resource/mineral_sitea4998be839eab7e8e3923b2b50ed28cf5736371aa7b18b8a66abbc61f72edc6d,https://minmod.isi.edu/resource/mineral_sitea4998be839eab7e8e3923b2b50ed28cf5736371aa7b18b8a66abbc61f72edc6d
